epoch,time,train/box_loss,train/cls_loss,train/dfl_loss,metrics/precision(B),metrics/recall(B),metrics/mAP50(B),metrics/mAP50-95(B),val/box_loss,val/cls_loss,val/dfl_loss,lr/pg0,lr/pg1,lr/pg2
1,14.0841,1.35705,3.95367,1.11932,0.02914,0.68855,0.08855,0.05925,0.89249,3.85962,0.87602,0.00010584,0.00010584,0.00010584
2,26.7937,1.07566,2.53801,1.02055,0.03687,0.82643,0.27145,0.19685,0.93544,3.33388,0.868,0.000215765,0.000215765,0.000215765
3,39.2187,1.05347,1.7867,1.01296,0.85701,0.25795,0.47162,0.34221,0.90424,2.95355,0.88323,0.000323847,0.000323847,0.000323847
